season;team;total_goals_scored;total_goals_conceded;final_points;goal_difference
20/21;Manchester City;56;19;65;37
20/21;Manchester United;55;32;54;23
20/21;Leicester City;48;32;53;16
20/21;Chelsea;42;25;47;17
20/21;Everton;39;33;46;6
20/21;West Ham United;40;31;45;9
20/21;Liverpool;47;36;43;11
20/21;Tottenham Hotspur;41;26;41;15
20/21;Aston Villa;38;27;40;11
20/21;Arsenal;35;28;38;7
20/21;Leeds United;43;44;35;-1
20/21;Wolverhampton Wanderers;28;37;35;-9
20/21;Southampton;33;44;33;-11
20/21;Crystal Palace;28;42;33;-14
20/21;Burnley;20;36;30;-16
20/21;Newcastle United;27;44;27;-17
20/21;Brighton and Hove Albion;27;35;26;-8
20/21;Fulham;22;33;26;-11
20/21;West Bromwich Albion;20;56;18;-36
20/21;Sheffield United;16;45;14;-29
19/20;Liverpool;85;33;99;52
19/20;Manchester City;102;35;81;67
19/20;Manchester United;66;36;66;30
19/20;Chelsea;69;54;66;15
19/20;Leicester City;67;41;62;26
19/20;Tottenham Hotspur;61;47;59;14
19/20;Wolverhampton Wanderers;51;40;59;11
19/20;Arsenal;56;48;56;8
19/20;Sheffield United;39;39;54;0
19/20;Burnley;43;50;54;-7
19/20;Southampton;51;60;52;-9
19/20;Everton;44;56;49;-12
19/20;Newcastle United;38;58;44;-20
19/20;Crystal Palace;31;50;43;-19
19/20;Brighton and Hove Albion;39;54;41;-15
19/20;West Ham United;49;62;39;-13
19/20;Aston Villa;41;67;35;-26
19/20;AFC Bournemouth;40;65;34;-25
19/20;Watford;36;64;34;-28
19/20;Norwich City;26;75;21;-49
18/19;Manchester City;95;23;98;72
18/19;Liverpool;89;22;97;67
18/19;Chelsea;63;39;72;24
18/19;Tottenham Hotspur;67;39;71;28
18/19;Arsenal;73;51;70;22
18/19;Manchester United;65;54;66;11
18/19;Wolverhampton Wanderers;47;46;57;1
18/19;Everton;54;46;54;8
18/19;Leicester City;51;48;52;3
18/19;West Ham United;52;55;52;-3
18/19;Watford;52;59;50;-7
18/19;Crystal Palace;51;53;49;-2
18/19;Newcastle United;42;48;45;-6
18/19;AFC Bournemouth;56;70;45;-14
18/19;Burnley;45;68;40;-23
18/19;Southampton;45;65;39;-20
18/19;Brighton and Hove Albion;35;60;36;-25
18/19;Cardiff City;34;69;34;-35
18/19;Fulham;34;81;26;-47
18/19;Huddersfield Town;22;76;16;-54
17/18;Manchester City;106;27;100;79
17/18;Manchester United;68;28;81;40
17/18;Tottenham Hotspur;74;36;77;38
17/18;Liverpool;84;38;75;46
17/18;Chelsea;62;38;70;24
17/18;Arsenal;74;51;63;23
17/18;Burnley;36;39;54;-3
17/18;Everton;44;58;49;-14
17/18;Leicester City;56;60;47;-4
17/18;Newcastle United;39;47;44;-8
17/18;Crystal Palace;45;55;44;-10
17/18;AFC Bournemouth;45;61;44;-16
17/18;West Ham United;48;68;42;-20
17/18;Watford;44;64;41;-20
17/18;Brighton and Hove Albion;34;54;40;-20
17/18;Huddersfield Town;28;58;37;-30
17/18;Southampton;37;56;36;-19
17/18;Swansea City;28;56;33;-28
17/18;Stoke City;35;68;33;-33
17/18;West Bromwich Albion;31;56;31;-25
16/17;Chelsea;85;33;93;52
16/17;Tottenham Hotspur;86;26;86;60
16/17;Manchester City;80;39;78;41
16/17;Liverpool;78;42;76;36
16/17;Arsenal;77;44;75;33
16/17;Manchester United;54;29;69;25
16/17;Everton;62;44;61;18
16/17;Southampton;41;48;46;-7
16/17;AFC Bournemouth;55;67;46;-12
16/17;West Bromwich Albion;43;51;45;-8
16/17;West Ham United;47;64;45;-17
16/17;Leicester City;48;63;44;-15
16/17;Stoke City;41;56;44;-15
16/17;Crystal Palace;50;63;41;-13
16/17;Swansea City;45;70;41;-25
16/17;Burnley;39;55;40;-16
16/17;Watford;40;68;40;-28
16/17;Hull City;37;80;34;-43
16/17;Middlesbrough;27;53;28;-26
16/17;Sunderland;29;69;24;-40
15/16;Leicester City;68;36;81;32
15/16;Arsenal;65;36;71;29
15/16;Tottenham Hotspur;69;35;70;34
15/16;Manchester City;71;41;66;30
15/16;Manchester United;49;35;66;14
15/16;Southampton;59;41;63;18
15/16;West Ham United;65;51;62;14
15/16;Liverpool;62;50;57;12
15/16;Stoke City;41;55;51;-14
15/16;Chelsea;59;53;50;6
15/16;Everton;59;55;47;4
15/16;Swansea City;42;52;47;-10
15/16;Watford;40;50;45;-10
15/16;West Bromwich Albion;34;48;43;-14
15/16;Crystal Palace;39;51;42;-12
15/16;AFC Bournemouth;45;66;42;-21
15/16;Sunderland;48;62;39;-14
15/16;Newcastle United;44;65;37;-21
15/16;Norwich City;39;67;34;-28
15/16;Aston Villa;27;76;17;-49
14/15;Chelsea;73;32;87;41
14/15;Manchester City;83;38;79;45
14/15;Arsenal;71;36;75;35
14/15;Manchester United;62;37;70;25
14/15;Tottenham Hotspur;58;53;64;5
14/15;Liverpool;52;48;62;4
14/15;Southampton;54;33;60;21
14/15;Swansea City;46;49;56;-3
14/15;Stoke City;48;45;54;3
14/15;Crystal Palace;47;51;48;-4
14/15;Everton;48;50;47;-2
14/15;West Ham United;44;47;47;-3
14/15;West Bromwich Albion;38;51;44;-13
14/15;Leicester City;46;55;41;-9
14/15;Newcastle United;40;63;39;-23
14/15;Sunderland;31;53;38;-22
14/15;Aston Villa;31;57;38;-26
14/15;Hull City;33;51;35;-18
14/15;Burnley;28;53;33;-25
14/15;Queens Park Rangers;42;73;30;-31
13/14;Manchester City;102;37;86;65
13/14;Liverpool;101;50;84;51
13/14;Chelsea;71;27;82;44
13/14;Arsenal;68;41;79;27
13/14;Everton;61;39;72;22
13/14;Tottenham Hotspur;55;51;69;4
13/14;Manchester United;64;43;64;21
13/14;Southampton;54;46;56;8
13/14;Stoke City;45;52;50;-7
13/14;Newcastle United;43;59;49;-16
13/14;Crystal Palace;33;48;45;-15
13/14;Swansea City;54;54;42;0
13/14;West Ham United;40;51;40;-11
13/14;Sunderland;41;60;38;-19
13/14;Aston Villa;39;61;38;-22
13/14;Hull City;38;53;37;-15
13/14;West Bromwich Albion;43;59;36;-16
13/14;Norwich City;28;62;33;-34
13/14;Fulham;40;85;32;-45
13/14;Cardiff City;32;74;30;-42
12/13;Manchester United;86;43;89;43
12/13;Manchester City;66;34;78;32
12/13;Chelsea;75;39;75;36
12/13;Arsenal;72;37;73;35
12/13;Tottenham Hotspur;66;46;72;20
12/13;Everton;55;40;63;15
12/13;Liverpool;71;43;61;28
12/13;West Bromwich Albion;53;57;49;-4
12/13;Swansea City;47;51;46;-4
12/13;West Ham United;45;53;46;-8
12/13;Norwich City;41;58;44;-17
12/13;Fulham;50;60;43;-10
12/13;Stoke City;34;45;42;-11
12/13;Southampton;49;60;41;-11
12/13;Aston Villa;47;69;41;-22
12/13;Newcastle United;45;68;41;-23
12/13;Sunderland;41;54;39;-13
12/13;Wigan Athletic;47;73;36;-26
12/13;Reading;43;73;28;-30
12/13;Queens Park Rangers;30;60;25;-30
11/12;Manchester City;93;29;89;64
11/12;Manchester United;89;33;89;56
11/12;Arsenal;74;49;70;25
11/12;Tottenham Hotspur;66;41;69;25
11/12;Newcastle United;56;51;65;5
11/12;Chelsea;65;46;64;19
11/12;Everton;50;40;56;10
11/12;Liverpool;47;40;52;7
11/12;Fulham;48;51;52;-3
11/12;Swansea City;44;51;47;-7
11/12;West Bromwich Albion;45;52;47;-7
11/12;Norwich City;52;66;47;-14
11/12;Sunderland;45;46;45;-1
11/12;Stoke City;36;53;45;-17
11/12;Wigan Athletic;42;62;43;-20
11/12;Aston Villa;37;53;38;-16
11/12;Queens Park Rangers;43;66;37;-23
11/12;Bolton Wanderers;46;77;36;-31
11/12;Blackburn Rovers;48;78;31;-30
11/12;Wolverhampton Wanderers;40;82;25;-42
10/11;Manchester United;78;37;80;41
10/11;Chelsea;69;33;71;36
10/11;Manchester City;60;33;71;27
10/11;Arsenal;72;43;68;29
10/11;Tottenham Hotspur;55;46;62;9
10/11;Liverpool;59;44;58;15
10/11;Everton;51;45;54;6
10/11;Fulham;49;43;49;6
10/11;Aston Villa;48;59;48;-11
10/11;Sunderland;45;56;47;-11
10/11;West Bromwich Albion;56;71;47;-15
10/11;Newcastle United;56;57;46;-1
10/11;Stoke City;46;48;46;-2
10/11;Bolton Wanderers;52;56;46;-4
10/11;Blackburn Rovers;46;59;43;-13
10/11;Wigan Athletic;40;61;42;-21
10/11;Wolverhampton Wanderers;46;66;40;-20
10/11;Birmingham City;37;58;39;-21
10/11;Blackpool;55;78;39;-23
10/11;West Ham United;43;70;33;-27
