;team;season;total_goals_scored;total_goals_conceded;final_points;goal_difference
0;AFC Bournemouth;15/16;45;66;42;-21
1;AFC Bournemouth;16/17;55;67;46;-12
2;AFC Bournemouth;17/18;45;61;44;-16
3;AFC Bournemouth;18/19;56;70;45;-14
4;AFC Bournemouth;19/20;40;65;34;-25
5;Arsenal;10/11;72;43;68;29
6;Arsenal;11/12;74;49;70;25
7;Arsenal;12/13;72;37;73;35
8;Arsenal;13/14;68;41;79;27
9;Arsenal;14/15;71;36;75;35
10;Arsenal;15/16;65;36;71;29
11;Arsenal;16/17;77;44;75;33
12;Arsenal;17/18;74;51;63;23
13;Arsenal;18/19;73;51;70;22
14;Arsenal;19/20;56;48;56;8
15;Arsenal;20/21;35;28;38;7
16;Aston Villa;10/11;48;59;48;-11
17;Aston Villa;11/12;37;53;38;-16
18;Aston Villa;12/13;47;69;41;-22
19;Aston Villa;13/14;39;61;38;-22
20;Aston Villa;14/15;31;57;38;-26
21;Aston Villa;15/16;27;76;17;-49
22;Aston Villa;19/20;41;67;35;-26
23;Aston Villa;20/21;38;27;40;11
24;Birmingham City;10/11;37;58;39;-21
25;Blackburn Rovers;10/11;46;59;43;-13
26;Blackburn Rovers;11/12;48;78;31;-30
27;Blackpool;10/11;55;78;39;-23
28;Bolton Wanderers;10/11;52;56;46;-4
29;Bolton Wanderers;11/12;46;77;36;-31
30;Brighton and Hove Albion;17/18;34;54;40;-20
31;Brighton and Hove Albion;18/19;35;60;36;-25
32;Brighton and Hove Albion;19/20;39;54;41;-15
33;Brighton and Hove Albion;20/21;27;35;26;-8
34;Burnley;14/15;28;53;33;-25
35;Burnley;16/17;39;55;40;-16
36;Burnley;17/18;36;39;54;-3
37;Burnley;18/19;45;68;40;-23
38;Burnley;19/20;43;50;54;-7
39;Burnley;20/21;20;36;30;-16
40;Cardiff City;13/14;32;74;30;-42
41;Cardiff City;18/19;34;69;34;-35
42;Chelsea;10/11;69;33;71;36
43;Chelsea;11/12;65;46;64;19
44;Chelsea;12/13;75;39;75;36
45;Chelsea;13/14;71;27;82;44
46;Chelsea;14/15;73;32;87;41
47;Chelsea;15/16;59;53;50;6
48;Chelsea;16/17;85;33;93;52
49;Chelsea;17/18;62;38;70;24
50;Chelsea;18/19;63;39;72;24
51;Chelsea;19/20;69;54;66;15
52;Chelsea;20/21;42;25;47;17
53;Crystal Palace;13/14;33;48;45;-15
54;Crystal Palace;14/15;47;51;48;-4
55;Crystal Palace;15/16;39;51;42;-12
56;Crystal Palace;16/17;50;63;41;-13
57;Crystal Palace;17/18;45;55;44;-10
58;Crystal Palace;18/19;51;53;49;-2
59;Crystal Palace;19/20;31;50;43;-19
60;Crystal Palace;20/21;28;42;33;-14
61;Everton;10/11;51;45;54;6
62;Everton;11/12;50;40;56;10
63;Everton;12/13;55;40;63;15
64;Everton;13/14;61;39;72;22
65;Everton;14/15;48;50;47;-2
66;Everton;15/16;59;55;47;4
67;Everton;16/17;62;44;61;18
68;Everton;17/18;44;58;49;-14
69;Everton;18/19;54;46;54;8
70;Everton;19/20;44;56;49;-12
71;Everton;20/21;39;33;46;6
72;Fulham;10/11;49;43;49;6
73;Fulham;11/12;48;51;52;-3
74;Fulham;12/13;50;60;43;-10
75;Fulham;13/14;40;85;32;-45
76;Fulham;18/19;34;81;26;-47
77;Fulham;20/21;22;33;26;-11
78;Huddersfield Town;17/18;28;58;37;-30
79;Huddersfield Town;18/19;22;76;16;-54
80;Hull City;13/14;38;53;37;-15
81;Hull City;14/15;33;51;35;-18
82;Hull City;16/17;37;80;34;-43
83;Leeds United;20/21;43;44;35;-1
84;Leicester City;14/15;46;55;41;-9
85;Leicester City;15/16;68;36;81;32
86;Leicester City;16/17;48;63;44;-15
87;Leicester City;17/18;56;60;47;-4
88;Leicester City;18/19;51;48;52;3
89;Leicester City;19/20;67;41;62;26
90;Leicester City;20/21;48;32;53;16
91;Liverpool;10/11;59;44;58;15
92;Liverpool;11/12;47;40;52;7
93;Liverpool;12/13;71;43;61;28
94;Liverpool;13/14;101;50;84;51
95;Liverpool;14/15;52;48;62;4
96;Liverpool;15/16;62;50;57;12
97;Liverpool;16/17;78;42;76;36
98;Liverpool;17/18;84;38;75;46
99;Liverpool;18/19;89;22;97;67
100;Liverpool;19/20;85;33;99;52
101;Liverpool;20/21;47;36;43;11
102;Manchester City;10/11;60;33;71;27
103;Manchester City;11/12;93;29;89;64
104;Manchester City;12/13;66;34;78;32
105;Manchester City;13/14;102;37;86;65
106;Manchester City;14/15;83;38;79;45
107;Manchester City;15/16;71;41;66;30
108;Manchester City;16/17;80;39;78;41
109;Manchester City;17/18;106;27;100;79
110;Manchester City;18/19;95;23;98;72
111;Manchester City;19/20;102;35;81;67
112;Manchester City;20/21;56;19;65;37
113;Manchester United;10/11;78;37;80;41
114;Manchester United;11/12;89;33;89;56
115;Manchester United;12/13;86;43;89;43
116;Manchester United;13/14;64;43;64;21
117;Manchester United;14/15;62;37;70;25
118;Manchester United;15/16;49;35;66;14
119;Manchester United;16/17;54;29;69;25
120;Manchester United;17/18;68;28;81;40
121;Manchester United;18/19;65;54;66;11
122;Manchester United;19/20;66;36;66;30
123;Manchester United;20/21;55;32;54;23
124;Middlesbrough;16/17;27;53;28;-26
125;Newcastle United;10/11;56;57;46;-1
126;Newcastle United;11/12;56;51;65;5
127;Newcastle United;12/13;45;68;41;-23
128;Newcastle United;13/14;43;59;49;-16
129;Newcastle United;14/15;40;63;39;-23
130;Newcastle United;15/16;44;65;37;-21
131;Newcastle United;17/18;39;47;44;-8
132;Newcastle United;18/19;42;48;45;-6
133;Newcastle United;19/20;38;58;44;-20
134;Newcastle United;20/21;27;44;27;-17
135;Norwich City;11/12;52;66;47;-14
136;Norwich City;12/13;41;58;44;-17
137;Norwich City;13/14;28;62;33;-34
138;Norwich City;15/16;39;67;34;-28
139;Norwich City;19/20;26;75;21;-49
140;Queens Park Rangers;11/12;43;66;37;-23
141;Queens Park Rangers;12/13;30;60;25;-30
142;Queens Park Rangers;14/15;42;73;30;-31
143;Reading;12/13;43;73;28;-30
144;Sheffield United;19/20;39;39;54;0
145;Sheffield United;20/21;16;45;14;-29
146;Southampton;12/13;49;60;41;-11
147;Southampton;13/14;54;46;56;8
148;Southampton;14/15;54;33;60;21
149;Southampton;15/16;59;41;63;18
150;Southampton;16/17;41;48;46;-7
151;Southampton;17/18;37;56;36;-19
152;Southampton;18/19;45;65;39;-20
153;Southampton;19/20;51;60;52;-9
154;Southampton;20/21;33;44;33;-11
155;Stoke City;10/11;46;48;46;-2
156;Stoke City;11/12;36;53;45;-17
157;Stoke City;12/13;34;45;42;-11
158;Stoke City;13/14;45;52;50;-7
159;Stoke City;14/15;48;45;54;3
160;Stoke City;15/16;41;55;51;-14
161;Stoke City;16/17;41;56;44;-15
162;Stoke City;17/18;35;68;33;-33
163;Sunderland;10/11;45;56;47;-11
164;Sunderland;11/12;45;46;45;-1
165;Sunderland;12/13;41;54;39;-13
166;Sunderland;13/14;41;60;38;-19
167;Sunderland;14/15;31;53;38;-22
168;Sunderland;15/16;48;62;39;-14
169;Sunderland;16/17;29;69;24;-40
170;Swansea City;11/12;44;51;47;-7
171;Swansea City;12/13;47;51;46;-4
172;Swansea City;13/14;54;54;42;0
173;Swansea City;14/15;46;49;56;-3
174;Swansea City;15/16;42;52;47;-10
175;Swansea City;16/17;45;70;41;-25
176;Swansea City;17/18;28;56;33;-28
177;Tottenham Hotspur;10/11;55;46;62;9
178;Tottenham Hotspur;11/12;66;41;69;25
179;Tottenham Hotspur;12/13;66;46;72;20
180;Tottenham Hotspur;13/14;55;51;69;4
181;Tottenham Hotspur;14/15;58;53;64;5
182;Tottenham Hotspur;15/16;69;35;70;34
183;Tottenham Hotspur;16/17;86;26;86;60
184;Tottenham Hotspur;17/18;74;36;77;38
185;Tottenham Hotspur;18/19;67;39;71;28
186;Tottenham Hotspur;19/20;61;47;59;14
187;Tottenham Hotspur;20/21;41;26;41;15
188;Watford;15/16;40;50;45;-10
189;Watford;16/17;40;68;40;-28
190;Watford;17/18;44;64;41;-20
191;Watford;18/19;52;59;50;-7
192;Watford;19/20;36;64;34;-28
193;West Bromwich Albion;10/11;56;71;47;-15
194;West Bromwich Albion;11/12;45;52;47;-7
195;West Bromwich Albion;12/13;53;57;49;-4
196;West Bromwich Albion;13/14;43;59;36;-16
197;West Bromwich Albion;14/15;38;51;44;-13
198;West Bromwich Albion;15/16;34;48;43;-14
199;West Bromwich Albion;16/17;43;51;45;-8
200;West Bromwich Albion;17/18;31;56;31;-25
201;West Bromwich Albion;20/21;20;56;18;-36
202;West Ham United;10/11;43;70;33;-27
203;West Ham United;12/13;45;53;46;-8
204;West Ham United;13/14;40;51;40;-11
205;West Ham United;14/15;44;47;47;-3
206;West Ham United;15/16;65;51;62;14
207;West Ham United;16/17;47;64;45;-17
208;West Ham United;17/18;48;68;42;-20
209;West Ham United;18/19;52;55;52;-3
210;West Ham United;19/20;49;62;39;-13
211;West Ham United;20/21;40;31;45;9
212;Wigan Athletic;10/11;40;61;42;-21
213;Wigan Athletic;11/12;42;62;43;-20
214;Wigan Athletic;12/13;47;73;36;-26
215;Wolverhampton Wanderers;10/11;46;66;40;-20
216;Wolverhampton Wanderers;11/12;40;82;25;-42
217;Wolverhampton Wanderers;18/19;47;46;57;1
218;Wolverhampton Wanderers;19/20;51;40;59;11
219;Wolverhampton Wanderers;20/21;28;37;35;-9
