;Player;Left;Joined;Fee;Age;Season;Market value at time
0;Neymar;Barcelona;Paris SG;222000000.0;25;17/18;100000000.0
1;Kylian Mbappé;Monaco;Paris SG;145000000.0;19;18/19;120000000.0
2;Philippe Coutinho;Liverpool;Barcelona;135000000.0;25;17/18;90000000.0
3;Ousmane Dembélé;Bor. Dortmund;Barcelona;135000000.0;20;17/18;33000000.0
4;João Félix;Benfica;Atlético Madrid;127200000.0;19;19/20;70000000.0
5;Antoine Griezmann;Atlético Madrid;Barcelona;120000000.0;28;19/20;130000000.0
6;Jack Grealish;Aston Villa;Man City;117500000.0;25;21/22;65000000.0
7;Cristiano Ronaldo;Real Madrid;Juventus;117000000.0;33;18/19;100000000.0
8;Romelu Lukaku;Inter;Chelsea;115000000.0;28;21/22;100000000.0
9;Eden Hazard;Chelsea;Real Madrid;115000000.0;28;19/20;150000000.0
10;Paul Pogba;Juventus;Man Utd;105000000.0;23;16/17;70000000.0
11;Gareth Bale;Spurs;Real Madrid;101000000.0;24;13/14;65000000.0
12;Cristiano Ronaldo;Man Utd;Real Madrid;94000000.0;24;09/10;60000000.0
13;Gonzalo Higuaín;SSC Napoli;Juventus;90000000.0;28;16/17;65000000.0
14;Neymar;Santos FC;Barcelona;88000000.0;21;13/14;50000000.0
15;Harry Maguire;Leicester;Man Utd;87000000.0;26;19/20;50000000.0
16;Frenkie de Jong;Ajax;Barcelona;86000000.0;22;19/20;85000000.0
17;Matthijs de Ligt;Ajax;Juventus;85500000.0;19;19/20;75000000.0
18;Jadon Sancho;Bor. Dortmund;Man Utd;85000000.0;21;21/22;100000000.0
19;Romelu Lukaku;Everton;Man Utd;84700000.0;24;17/18;50000000.0
20;Virgil van Dijk;Southampton;Liverpool;84600000.0;26;17/18;30000000.0
21;Luis Suárez;Liverpool;Barcelona;81700000.0;27;14/15;52000000.0
22;Kai Havertz;Bay. Leverkusen;Chelsea;80000000.0;21;20/21;81000000.0
23;Lucas Hernández;Atlético Madrid;FC Bayern;80000000.0;23;19/20;70000000.0
24;Nicolas Pépé;LOSC Lille;Arsenal;80000000.0;24;19/20;65000000.0
25;Kepa Arrizabalaga;Athletic;Chelsea;80000000.0;23;18/19;20000000.0
26;Zinédine Zidane;Juventus;Real Madrid;77500000.0;29;01/02;0.0
27;Kevin De Bruyne;VfL Wolfsburg;Man City;76000000.0;24;15/16;45000000.0
28;James Rodríguez;Monaco;Real Madrid;75000000.0;23;14/15;60000000.0
29;Ángel Di María;Real Madrid;Man Utd;75000000.0;26;14/15;50000000.0
30;Romelu Lukaku;Man Utd;Inter;74000000.0;26;19/20;75000000.0
31;Arthur;Barcelona;Juventus;72000000.0;24;20/21;56000000.0
32;Thomas Lemar;Monaco;Atlético Madrid;72000000.0;22;18/19;65000000.0
33;Victor Osimhen;LOSC Lille;SSC Napoli;71200000.0;21;20/21;40000000.0
34;Zlatan Ibrahimovic;Inter;Barcelona;69500000.0;27;09/10;45000000.0
35;Rúben Dias;Benfica;Man City;68000000.0;23;20/21;35000000.0
36;Riyad Mahrez;Leicester;Man City;67800000.0;27;18/19;50000000.0
37;Kaká;AC Milan;Real Madrid;67000000.0;27;09/10;55000000.0
38;Álvaro Morata;Real Madrid;Chelsea;66000000.0;24;17/18;40000000.0
39;João Cancelo;Juventus;Man City;65000000.0;25;19/20;55000000.0
40;Aymeric Laporte;Athletic;Man City;65000000.0;23;17/18;25000000.0
41;Edinson Cavani;SSC Napoli;Paris SG;64500000.0;26;13/14;55000000.0
42;Christian Pulisic;Bor. Dortmund;Chelsea;64000000.0;20;18/19;50000000.0
43;Pierre-Emerick Aubameyang;Bor. Dortmund;Arsenal;63700000.0;28;17/18;65000000.0
44;Raheem Sterling;Liverpool;Man City;63700000.0;20;15/16;40000000.0
45;Luka Jovic;E. Frankfurt;Real Madrid;63000000.0;21;19/20;60000000.0
46;Bruno Fernandes;Sporting CP;Man Utd;63000000.0;25;19/20;60000000.0
47;Ángel Di María;Man Utd;Paris SG;63000000.0;27;15/16;50000000.0
48;Rodri;Atlético Madrid;Man City;62700000.0;23;19/20;80000000.0
49;Alisson;AS Roma;Liverpool;62500000.0;25;18/19;60000000.0
50;Achraf Hakimi;Inter;Paris SG;60000000.0;22;21/22;60000000.0
51;Miralem Pjanic;Juventus;Barcelona;60000000.0;30;20/21;45000000.0
52;Tanguy Ndombélé;Olympique Lyon;Spurs;60000000.0;22;19/20;65000000.0
53;Naby Keïta;RB Leipzig;Liverpool;60000000.0;23;18/19;65000000.0
54;Diego Costa;Chelsea;Atlético Madrid;60000000.0;29;17/18;50000000.0
55;Oscar;Chelsea;SH SIPG;60000000.0;25;16/17;35000000.0
56;Anthony Martial;Monaco;Man Utd;60000000.0;19;15/16;8000000.0
57;Luís Figo;Barcelona;Real Madrid;60000000.0;27;00/01;0.0
58;Fred;Shakhtar D.;Man Utd;59000000.0;25;18/19;32000000.0
59;Ben White;Brighton;Arsenal;58500000.0;23;21/22;28000000.0
60;Fernando Torres;Liverpool;Chelsea;58500000.0;26;10/11;50000000.0
61;Benjamin Mendy;Monaco;Man City;57500000.0;23;17/18;13000000.0
62;Jorginho;SSC Napoli;Chelsea;57000000.0;26;18/19;50000000.0
63;Hernán Crespo;AC Parma;Lazio;56800000.0;25;00/01;0.0
64;Hulk;Zenit S-Pb;SH SIPG;55800000.0;29;16/17;32000000.0
65;John Stones;Everton;Man City;55600000.0;22;16/17;28000000.0
66;Aaron Wan-Bissaka;Crystal Palace;Man Utd;55000000.0;21;19/20;35000000.0
67;Antoine Griezmann;Real Sociedad;Atlético Madrid;54000000.0;23;14/15;30000000.0
68;Timo Werner;RB Leipzig;Chelsea;53000000.0;24;20/21;64000000.0
69;Alexandre Lacazette;Olympique Lyon;Arsenal;53000000.0;26;17/18;40000000.0
70;Gianluigi Buffon;AC Parma;Juventus;52800000.0;23;01/02;0.0
71;Kyle Walker;Spurs;Man City;52700000.0;27;17/18;30000000.0
72;Leroy Sané;FC Schalke 04;Man City;52000000.0;20;16/17;30000000.0
73;Ben Chilwell;Leicester;Chelsea;50200000.0;23;20/21;40000000.0
74;Mauro Icardi;Inter;Paris SG;50000000.0;27;20/21;60000000.0
75;Thomas Partey;Atlético Madrid;Arsenal;50000000.0;27;20/21;40000000.0
76;Éder Militão;FC Porto;Real Madrid;50000000.0;21;19/20;50000000.0
77;Sébastien Haller;E. Frankfurt;West Ham;50000000.0;25;19/20;40000000.0
78;Bernardo Silva;Monaco;Man City;50000000.0;22;17/18;40000000.0
79;Alex Teixeira;Shakhtar D.;JS Suning;50000000.0;26;15/16;30000000.0
80;David Luiz;Chelsea;Paris SG;49500000.0;27;14/15;26000000.0
81;Gylfi Sigurdsson;Swansea;Everton;49400000.0;27;17/18;25000000.0
82;Ferland Mendy;Olympique Lyon;Real Madrid;48000000.0;24;19/20;30000000.0
83;Gaizka Mendieta;Valencia;Lazio;48000000.0;27;01/02;0.0
84;Mesut Özil;Real Madrid;Arsenal;47000000.0;24;13/14;40000000.0
85;Christian Benteke;Aston Villa;Liverpool;46500000.0;24;15/16;20000000.0
86;Christian Vieri;Lazio;Inter;46400000.0;25;99/00;0.0
87;Rio Ferdinand;Leeds;Man Utd;46000000.0;23;02/03;0.0
88;Nathan Aké;Bournemouth;Man City;45300000.0;25;20/21;28000000.0
89;Leroy Sané;Man City;FC Bayern;45000000.0;24;20/21;80000000.0
90;Rodrygo;Santos FC;Real Madrid;45000000.0;18;19/20;40000000.0
91;Youri Tielemans;Monaco;Leicester;45000000.0;22;19/20;38000000.0
92;Mateo Kovacic;Real Madrid;Chelsea;45000000.0;25;19/20;35000000.0
93;Fabinho;Monaco;Liverpool;45000000.0;24;18/19;45000000.0
94;Vinícius Júnior;Flamengo;Real Madrid;45000000.0;18;18/19;35000000.0
95;Granit Xhaka;Bor. M'gladbach;Arsenal;45000000.0;23;16/17;35000000.0
96;Eliaquim Mangala;FC Porto;Man City;45000000.0;23;14/15;28000000.0
97;James Rodríguez;FC Porto;Monaco;45000000.0;21;13/14;23000000.0
98;Ronaldo;Inter;Real Madrid;45000000.0;25;02/03;0.0
99;Pavel Nedved;Lazio;Juventus;45000000.0;28;01/02;0.0
100;Juan Mata;Chelsea;Man Utd;44700000.0;25;13/14;38000000.0
101;Diogo Jota;Wolves;Liverpool;44700000.0;23;20/21;28000000.0
102;Nemanja Matic;Chelsea;Man Utd;44700000.0;29;17/18;35000000.0
103;Nicolás Otamendi;Valencia;Man City;44500000.0;27;15/16;25000000.0
104;Joelinton;TSG Hoffenheim;Newcastle;44000000.0;22;19/20;35000000.0
105;Andriy Shevchenko;AC Milan;Chelsea;43800000.0;29;06/07;51000000.0
106;Achraf Hakimi;Real Madrid;Inter;43000000.0;21;20/21;54000000.0
107;Julian Draxler;FC Schalke 04;VfL Wolfsburg;43000000.0;21;15/16;22000000.0
108;Radamel Falcao;Atlético Madrid;Monaco;43000000.0;27;13/14;60000000.0
109;Robinho;Real Madrid;Man City;43000000.0;24;08/09;34000000.0
110;Juan Sebastián Verón;Lazio;Man Utd;42600000.0;26;01/02;0.0
111;Dayot Upamecano;RB Leipzig;FC Bayern;42500000.0;22;21/22;60000000.0
112;Alexis Sánchez;Barcelona;Arsenal;42500000.0;25;14/15;30000000.0
113;Paulinho;Barcelona;GZ Evergrande;42000000.0;30;18/19;38000000.0
114;Patrik Schick;Sampdoria;AS Roma;42000000.0;22;18/19;20000000.0
115;Leonardo Bonucci;Juventus;AC Milan;42000000.0;30;17/18;45000000.0
116;Mohamed Salah;AS Roma;Liverpool;42000000.0;25;17/18;35000000.0
117;Davinson Sánchez;Ajax;Spurs;42000000.0;21;17/18;25000000.0
118;Henrikh Mkhitaryan;Bor. Dortmund;Man Utd;42000000.0;27;16/17;30000000.0
119;Jackson Martínez;Atlético Madrid;GZ Evergrande;42000000.0;29;15/16;30000000.0
120;Thiago Silva;AC Milan;Paris SG;42000000.0;27;12/13;38000000.0
121;Javier Pastore;US Palermo;Paris SG;42000000.0;22;11/12;21000000.0
122;Corentin Tolisso;Olympique Lyon;FC Bayern;41500000.0;22;17/18;22000000.0
123;Rui Costa;Fiorentina;Milan;41300000.0;29;01/02;0.0
124;Sadio Mané;Southampton;Liverpool;41200000.0;24;16/17;20000000.0
125;Malcom;G. Bordeaux;Barcelona;41000000.0;21;18/19;45000000.0
126;Shkodran Mustafi;Valencia;Arsenal;41000000.0;24;16/17;20000000.0
127;Roberto Firmino;TSG Hoffenheim;Liverpool;41000000.0;23;15/16;25000000.0
128;Andy Carroll;Newcastle;Liverpool;41000000.0;22;10/11;2500000.0
129;João Cancelo;Valencia;Juventus;40400000.0;24;18/19;35000000.0
130;Raphaël Varane;Real Madrid;Man Utd;40000000.0;28;21/22;70000000.0
131;Tammy Abraham;Chelsea;AS Roma;40000000.0;23;21/22;38000000.0
132;Ibrahima Konaté;RB Leipzig;Liverpool;40000000.0;22;21/22;35000000.0
133;Hakim Ziyech;Ajax;Chelsea;40000000.0;27;20/21;40000000.0
134;Fábio Silva;FC Porto;Wolves;40000000.0;18;20/21;12000000.0
135;Malcom;Barcelona;Zenit S-Pb;40000000.0;22;19/20;40000000.0
136;Wissam Ben Yedder;Sevilla FC;Monaco;40000000.0;29;19/20;40000000.0
137;Douglas Costa;FC Bayern;Juventus;40000000.0;27;18/19;55000000.0
138;Gonçalo Guedes;Paris SG;Valencia;40000000.0;21;18/19;40000000.0
139;Leandro Paredes;Zenit S-Pb;Paris SG;40000000.0;24;18/19;25000000.0
140;Federico Bernardeschi;Fiorentina;Juventus;40000000.0;23;17/18;30000000.0
141;Cédric Bakambu;Villarreal;BJ Guoan;40000000.0;26;17/18;25000000.0
142;Ederson;Benfica;Man City;40000000.0;23;17/18;22000000.0
143;Tiemoué Bakayoko;Monaco;Chelsea;40000000.0;22;17/18;16000000.0
144;Paulinho;GZ Evergrande;Barcelona;40000000.0;29;17/18;15000000.0
145;João Mário;Sporting CP;Inter;40000000.0;23;16/17;30000000.0
146;Paulo Dybala;US Palermo;Juventus;40000000.0;21;15/16;23000000.0
147;Fernandinho;Shakhtar D.;Man City;40000000.0;28;13/14;32000000.0
148;Hulk;FC Porto;Zenit S-Pb;40000000.0;26;12/13;37000000.0
149;Lucas Moura;São Paulo;Paris SG;40000000.0;20;12/13;35000000.0
150;Javi Martínez;Athletic;FC Bayern;40000000.0;24;12/13;30000000.0
151;Axel Witsel;Benfica;Zenit S-Pb;40000000.0;23;12/13;20000000.0
152;Sergio Agüero;Atlético Madrid;Man City;40000000.0;23;11/12;36000000.0
153;Radamel Falcao;FC Porto;Atlético Madrid;40000000.0;25;11/12;25000000.0
154;David Villa;Valencia;Barcelona;40000000.0;28;10/11;45000000.0
155;Hernán Crespo;Lazio;Inter;40000000.0;27;02/03;0.0
156;Arturo Vidal;Juventus;FC Bayern;39200000.0;28;15/16;42000000.0
157;Richarlison;Watford;Everton;39200000.0;21;18/19;25000000.0
158;Donny van de Beek;Ajax;Man Utd;39000000.0;23;20/21;44000000.0
159;Michy Batshuayi;Marseille;Chelsea;39000000.0;22;16/17;15000000.0
160;Gonzalo Higuaín;Real Madrid;SSC Napoli;39000000.0;25;13/14;30000000.0
161;Didier Drogba;Marseille;Chelsea;38500000.0;26;04/05;0.0
162;Emiliano Buendía;Norwich;Aston Villa;38400000.0;24;21/22;35000000.0
163;Lucas Paquetá;Flamengo;AC Milan;38400000.0;21;18/19;15000000.0
164;Raúl Jiménez;Benfica;Wolves;38000000.0;28;19/20;35000000.0
165;Radja Nainggolan;AS Roma;Inter;38000000.0;30;18/19;45000000.0
166;Felipe Anderson;Lazio;West Ham;38000000.0;25;18/19;30000000.0
167;Alex Oxlade-Chamberlain;Arsenal;Liverpool;38000000.0;24;17/18;22000000.0
168;André Silva;FC Porto;AC Milan;38000000.0;21;17/18;22000000.0
169;Eric Bailly;Villarreal;Man Utd;38000000.0;22;16/17;8000000.0
170;Mateo Kovacic;Inter;Real Madrid;38000000.0;21;15/16;22000000.0
171;Diego Costa;Atlético Madrid;Chelsea;38000000.0;25;14/15;35000000.0
172;Dimitar Berbatov;Spurs;Man Utd;38000000.0;27;08/09;26000000.0
173;Fernando Torres;Atlético Madrid;Liverpool;38000000.0;23;07/08;30000000.0
174;Michael Essien;Olympique Lyon;Chelsea;38000000.0;22;05/06;23000000.0
175;Danny Drinkwater;Leicester;Chelsea;37900000.0;27;17/18;9000000.0
176;Luke Shaw;Southampton;Man Utd;37500000.0;18;14/15;13000000.0
177;David Beckham;Man Utd;Real Madrid;37500000.0;28;03/04;0.0
178;Danilo;Man City;Juventus;37000000.0;28;19/20;20000000.0
179;Thilo Kehrer;FC Schalke 04;Paris SG;37000000.0;21;18/19;18000000.0
180;André Gomes;Valencia;Barcelona;37000000.0;22;16/17;30000000.0
181;Mario Götze;Bor. Dortmund;FC Bayern;37000000.0;21;13/14;45000000.0
182;Edin Dzeko;VfL Wolfsburg;Man City;37000000.0;24;10/11;30000000.0
183;Wayne Rooney;Everton;Man Utd;37000000.0;18;04/05;0.0
184;Mattia Caldara;Juventus;AC Milan;36800000.0;24;18/19;25000000.0
185;Filippo Inzaghi;Juventus;Milan;36100000.0;27;01/02;0.0
186;Lilian Thuram;AC Parma;Juventus;36100000.0;29;01/02;0.0
187;Gabriel Batistuta;Fiorentina;AS Roma;36100000.0;31;00/01;0.0
188;Konstantinos Manolas;AS Roma;SSC Napoli;36000000.0;28;19/20;45000000.0
189;Julian Draxler;VfL Wolfsburg;Paris SG;36000000.0;23;16/17;28000000.0
190;Geoffrey Kondogbia;Monaco;Inter;36000000.0;22;15/16;16000000.0
191;Ander Herrera;Athletic;Man Utd;36000000.0;24;14/15;20000000.0
192;Clément Lenglet;Sevilla FC;Barcelona;35900000.0;23;18/19;36000000.0
193;Javier Saviola;River Plate;Barcelona;35900000.0;19;01/02;0.0
194;N'Golo Kanté;Leicester;Chelsea;35800000.0;25;16/17;20000000.0
195;Nélson Semedo;Benfica;Barcelona;35700000.0;23;17/18;20000000.0
196;Vitolo;Sevilla FC;Atlético Madrid;35600000.0;27;17/18;25000000.0
197;Willian;Anzhi;Chelsea;35500000.0;25;13/14;30000000.0
198;Dani Alves;Sevilla FC;Barcelona;35500000.0;25;08/09;20000000.0
199;Romelu Lukaku;Chelsea;Everton;35300000.0;21;14/15;25000000.0
200;Nicolas Anelka;Arsenal;Real Madrid;35000000.0;20;99/00;0.0
201;Martin Ødegaard;Real Madrid;Arsenal;35000000.0;22;21/22;40000000.0
202;Rodrigo de Paul;Udinese Calcio;Atlético Madrid;35000000.0;27;21/22;38000000.0
203;Kurt Zouma;Chelsea;West Ham;35000000.0;26;21/22;32000000.0
204;Álvaro Morata;Chelsea;Atlético Madrid;35000000.0;27;20/21;36000000.0
205;Wesley Fofana;Saint-Étienne;Leicester;35000000.0;19;20/21;10000000.0
206;Hirving Lozano;PSV Eindhoven;SSC Napoli;35000000.0;24;19/20;40000000.0
207;Benjamin Pavard;VfB Stuttgart;FC Bayern;35000000.0;23;19/20;30000000.0
208;Dejan Kulusevski;Atalanta BC;Juventus;35000000.0;19;19/20;25000000.0
209;Jasper Cillessen;Barcelona;Valencia;35000000.0;30;19/20;18000000.0
210;Thibaut Courtois;Chelsea;Real Madrid;35000000.0;26;18/19;65000000.0
211;Leonardo Bonucci;AC Milan;Juventus;35000000.0;31;18/19;35000000.0
212;Shoya Nakajima;Portimonense;Al-Duhail SC;35000000.0;24;18/19;18000000.0
213;Krzysztof Piatek;Genoa;AC Milan;35000000.0;23;18/19;15000000.0
214;Antonio Rüdiger;AS Roma;Chelsea;35000000.0;24;17/18;25000000.0
215;Victor Lindelöf;Benfica;Man Utd;35000000.0;22;17/18;22000000.0
216;Mats Hummels;Bor. Dortmund;FC Bayern;35000000.0;27;16/17;38000000.0
217;David Luiz;Paris SG;Chelsea;35000000.0;29;16/17;28000000.0
218;Renato Sanches;Benfica;FC Bayern;35000000.0;18;16/17;20000000.0
219;Moussa Sissoko;Newcastle;Spurs;35000000.0;27;16/17;13000000.0
220;Ousmane Dembélé;Stade Rennais;Bor. Dortmund;35000000.0;19;16/17;12000000.0
221;Jackson Martínez;FC Porto;Atlético Madrid;35000000.0;28;15/16;35000000.0
222;Morgan Schneiderlin;Southampton;Man Utd;35000000.0;25;15/16;28000000.0
223;Luka Modric;Spurs;Real Madrid;35000000.0;26;12/13;40000000.0
224;Eden Hazard;LOSC Lille;Chelsea;35000000.0;21;12/13;33000000.0
225;Willian;Shakhtar D.;Anzhi;35000000.0;24;12/13;25000000.0
226;Karim Benzema;Olympique Lyon;Real Madrid;35000000.0;21;09/10;29000000.0
227;Arjen Robben;Chelsea;Real Madrid;35000000.0;23;07/08;22800000.0
228;Xabi Alonso;Liverpool;Real Madrid;34500000.0;27;09/10;27000000.0
229;Nicolas Anelka;Real Madrid;Paris SG;34500000.0;21;00/01;0.0
230;Ollie Watkins;Brentford;Aston Villa;34000000.0;24;20/21;12000000.0
231;Alexis Sánchez;Arsenal;Man Utd;34000000.0;29;17/18;70000000.0
232;Henrikh Mkhitaryan;Man Utd;Arsenal;34000000.0;29;17/18;35000000.0
233;Milan Skriniar;Sampdoria;Inter;34000000.0;22;17/18;7000000.0
234;Arda Turan;Atlético Madrid;Barcelona;34000000.0;28;15/16;35000000.0
235;Memphis Depay;PSV Eindhoven;Man Utd;34000000.0;21;15/16;28000000.0
236;Cesc Fàbregas;Arsenal;Barcelona;34000000.0;24;11/12;54000000.0
237;Ayoze Pérez;Newcastle;Leicester;33400000.0;25;19/20;20000000.0
238;Carlos Bacca;Sevilla FC;AC Milan;33299999.999999996;28;15/16;25000000.0
239;Cesc Fàbregas;Barcelona;Chelsea;33000000.0;27;14/15;50000000.0
240;Ángel Di María;Benfica;Real Madrid;33000000.0;22;10/11;9500000.0
241;Nicolò Barella;Cagliari Calcio;Inter;32500000.0;23;20/21;50000000.0
242;Marouane Fellaini;Everton;Man Utd;32400000.0;25;13/14;28000000.0
243;Wilfried Bony;Swansea;Man City;32299999.999999996;26;14/15;17000000.0
244;Ronaldinho Gaúcho;Paris SG;Barcelona;32200000.000000004;23;03/04;0.0
245;Leon Bailey;Bay. Leverkusen;Aston Villa;32000000.0;24;21/22;35000000.0
246;Giovani Lo Celso;Real Betis;Spurs;32000000.0;24;20/21;40000000.0
247;Nélson Semedo;Barcelona;Wolves;32000000.0;26;20/21;40000000.0
248;Abdou Diallo;Bor. Dortmund;Paris SG;32000000.0;23;19/20;35000000.0
249;Kerem Demirbay;TSG Hoffenheim;Bay. Leverkusen;32000000.0;26;19/20;32000000.0
