club,league,country
Wolverhampton Wanderers,English Premier League,England
Wigan Athletic,English Premier League,England
Tottenham Hotspur,English Premier League,England
Sunderland,English Premier League,England
Chelsea,English Premier League,England
Bolton Wanderers,English Premier League,England
Blackburn Rovers,English Premier League,England
Aston Villa,English Premier League,England
Liverpool,English Premier League,England
Manchester United,English Premier League,England
Birmingham City,English Premier League,England
Arsenal,English Premier League,England
Everton,English Premier League,England
Stoke City,English Premier League,England
West Bromwich Albion,English Premier League,England
West Ham United,English Premier League,England
Newcastle United,English Premier League,England
Fulham,English Premier League,England
Manchester City,English Premier League,England
Blackpool,English Premier League,England
Queens Park Rangers,English Premier League,England
Swansea City,English Premier League,England
Norwich City,English Premier League,England
Reading,English Premier League,England
Southampton,English Premier League,England
Crystal Palace,English Premier League,England
Hull City,English Premier League,England
Cardiff City,English Premier League,England
Leicester City,English Premier League,England
Burnley,English Premier League,England
AFC Bournemouth,English Premier League,England
Watford,English Premier League,England
Middlesbrough,English Premier League,England
Brighton and Hove Albion,English Premier League,England
Huddersfield Town,English Premier League,England
Sheffield United,English Premier League,England
