league,team_long_name,team_short_name,country
Belgium Jupiler League,Standard de Liège,STL,Belgium
Belgium Jupiler League,Sporting Charleroi,CHA,Belgium
Belgium Jupiler League,KSV Cercle Brugge,CEB,Belgium
Belgium Jupiler League,Sporting Lokeren,LOK,Belgium
Belgium Jupiler League,KV Kortrijk,KOR,Belgium
Belgium Jupiler League,KV Mechelen,MEC,Belgium
Belgium Jupiler League,KSV Roeselare,ROS,Belgium
Belgium Jupiler League,Club Brugge KV,CLB,Belgium
Belgium Jupiler League,RSC Anderlecht,AND,Belgium
Belgium Jupiler League,Sint-Truidense VV,STT,Belgium
Belgium Jupiler League,SV Zulte-Waregem,ZUL,Belgium
Belgium Jupiler League,KAA Gent,GEN,Belgium
Belgium Jupiler League,KVC Westerlo,WES,Belgium
Belgium Jupiler League,Beerschot AC,BAC,Belgium
Belgium Jupiler League,KRC Genk,GEN,Belgium
Belgium Jupiler League,Lierse SK,LIE,Belgium
Belgium Jupiler League,KAS Eupen,EUP,Belgium
Belgium Jupiler League,Oud-Heverlee Leuven,O-H,Belgium
Belgium Jupiler League,RAEC Mons,MON,Belgium
Belgium Jupiler League,Waasland-Beveren,WAA,Belgium
Belgium Jupiler League,KV Oostende,OOS,Belgium
England Premier League,Manchester United,MUN,England
England Premier League,Tottenham Hotspur,TOT,England
England Premier League,Aston Villa,AVL,England
England Premier League,Everton,EVE,England
England Premier League,Wolverhampton Wanderers,WOL,England
England Premier League,Blackburn Rovers,BLB,England
England Premier League,Bolton Wanderers,BOL,England
England Premier League,Portsmouth,POR,England
England Premier League,Stoke City,STK,England
England Premier League,Chelsea,CHE,England
England Premier League,Arsenal,ARS,England
England Premier League,Sunderland,SUN,England
England Premier League,West Ham United,WHU,England
England Premier League,Fulham,FUL,England
England Premier League,Birmingham City,BIR,England
England Premier League,Hull City,HUL,England
England Premier League,Burnley,BUR,England
England Premier League,Wigan Athletic,WIG,England
England Premier League,Liverpool,LIV,England
England Premier League,Manchester City,MCI,England
England Premier League,Blackpool,BLA,England
England Premier League,Newcastle United,NEW,England
England Premier League,West Bromwich Albion,WBA,England
England Premier League,Queens Park Rangers,QPR,England
England Premier League,Norwich City,NOR,England
England Premier League,Swansea City,SWA,England
England Premier League,Reading,REA,England
England Premier League,Southampton,SOU,England
England Premier League,Crystal Palace,CRY,England
England Premier League,Cardiff City,CAR,England
France Ligue 1,AJ Auxerre,AUX,France
France Ligue 1,Girondins de Bordeaux,BOR,France
France Ligue 1,Grenoble Foot 38,GRE,France
France Ligue 1,Le Mans FC,LEM,France
France Ligue 1,LOSC Lille,LIL,France
France Ligue 1,AS Monaco,MON,France
France Ligue 1,Montpellier Hérault SC,MON,France
France Ligue 1,Stade Rennais FC,REN,France
France Ligue 1,AS Saint-Étienne,ETI,France
France Ligue 1,Valenciennes FC,VAL,France
France Ligue 1,US Boulogne Cote D'Opale,BOU,France
France Ligue 1,RC Lens,LEN,France
France Ligue 1,FC Lorient,LOR,France
France Ligue 1,Olympique Lyonnais,LYO,France
France Ligue 1,Olympique de Marseille,MAR,France
France Ligue 1,AS Nancy-Lorraine,NAN,France
France Ligue 1,OGC Nice,NIC,France
France Ligue 1,Paris Saint-Germain,PSG,France
France Ligue 1,FC Sochaux-Montbéliard,SOC,France
France Ligue 1,Toulouse FC,TOU,France
France Ligue 1,AC Arles-Avignon,ARL,France
France Ligue 1,Stade Brestois 29,BRE,France
France Ligue 1,SM Caen,CAE,France
France Ligue 1,AC Ajaccio,AJA,France
France Ligue 1,Dijon FCO,DIJ,France
France Ligue 1,Évian Thonon Gaillard FC,ETG,France
France Ligue 1,Stade de Reims,REI,France
France Ligue 1,ES Troyes AC,TRO,France
France Ligue 1,SC Bastia,BAS,France
France Ligue 1,En Avant de Guingamp,GUI,France
France Ligue 1,FC Nantes,NAN,France
Germany 1. Bundesliga,VfL Wolfsburg,WOL,Germany
Germany 1. Bundesliga,Borussia Dortmund,DOR,Germany
Germany 1. Bundesliga,SV Werder Bremen,WBR,Germany
Germany 1. Bundesliga,Hertha BSC Berlin,HBE,Germany
Germany 1. Bundesliga,SC Freiburg,FRE,Germany
Germany 1. Bundesliga,1. FC Nürnberg,NUR,Germany
Germany 1. Bundesliga,VfL Bochum,BOC,Germany
Germany 1. Bundesliga,1. FSV Mainz 05,MAI,Germany
Germany 1. Bundesliga,TSG 1899 Hoffenheim,HOF,Germany
Germany 1. Bundesliga,FC Bayern Munich,BMU,Germany
Germany 1. Bundesliga,Bayer 04 Leverkusen,LEV,Germany
Germany 1. Bundesliga,Hamburger SV,HAM,Germany
Germany 1. Bundesliga,VfB Stuttgart,STU,Germany
Germany 1. Bundesliga,FC Schalke 04,S04,Germany
Germany 1. Bundesliga,Eintracht Frankfurt,EFR,Germany
Germany 1. Bundesliga,1. FC Köln,FCK,Germany
Germany 1. Bundesliga,Hannover 96,HAN,Germany
Germany 1. Bundesliga,Borussia Mönchengladbach,GLA,Germany
Germany 1. Bundesliga,1. FC Kaiserslautern,KAI,Germany
Germany 1. Bundesliga,FC St. Pauli,STP,Germany
Germany 1. Bundesliga,FC Augsburg,AUG,Germany
Germany 1. Bundesliga,SpVgg Greuther Fürth,GRF,Germany
Germany 1. Bundesliga,Fortuna Düsseldorf,FDU,Germany
Germany 1. Bundesliga,Eintracht Braunschweig,BRA,Germany
Italy Serie A,Bologna,BOL,Italy
Italy Serie A,Catania,CAT,Italy
Italy Serie A,Genoa,GEN,Italy
Italy Serie A,Inter,INT,Italy
Italy Serie A,Juventus,JUV,Italy
Italy Serie A,Lazio,LAZ,Italy
Italy Serie A,Livorno,LIV,Italy
Italy Serie A,Palermo,PAL,Italy
Italy Serie A,Siena,SIE,Italy
Italy Serie A,Udinese,UDI,Italy
Italy Serie A,Atalanta,ATA,Italy
Italy Serie A,Bari,BAR,Italy
Italy Serie A,Cagliari,CAG,Italy
Italy Serie A,Chievo Verona,CHI,Italy
Italy Serie A,Fiorentina,FIO,Italy
Italy Serie A,Milan,ACM,Italy
Italy Serie A,Napoli,NAP,Italy
Italy Serie A,Parma,PAR,Italy
Italy Serie A,Roma,ROM,Italy
Italy Serie A,Sampdoria,SAM,Italy
Italy Serie A,Lecce,LEC,Italy
Italy Serie A,Cesena,CES,Italy
Italy Serie A,Brescia,BRE,Italy
Italy Serie A,Novara,NOV,Italy
Italy Serie A,Pescara,PES,Italy
Italy Serie A,Torino,TOR,Italy
Italy Serie A,Hellas Verona,VER,Italy
Italy Serie A,Sassuolo,SAS,Italy
Netherlands Eredivisie,Willem II,WII,Netherlands
Netherlands Eredivisie,RKC Waalwijk,RKC,Netherlands
Netherlands Eredivisie,Sparta Rotterdam,SPA,Netherlands
Netherlands Eredivisie,Heracles Almelo,HER,Netherlands
Netherlands Eredivisie,PSV,PSV,Netherlands
Netherlands Eredivisie,Feyenoord,FEY,Netherlands
Netherlands Eredivisie,ADO Den Haag,HAA,Netherlands
Netherlands Eredivisie,FC Groningen,GRO,Netherlands
Netherlands Eredivisie,Ajax,AJA,Netherlands
Netherlands Eredivisie,Roda JC Kerkrade,ROD,Netherlands
Netherlands Eredivisie,N.E.C.,NEC,Netherlands
Netherlands Eredivisie,AZ,ALK,Netherlands
Netherlands Eredivisie,Vitesse,VIT,Netherlands
Netherlands Eredivisie,FC Twente,TWE,Netherlands
Netherlands Eredivisie,FC Utrecht,UTR,Netherlands
Netherlands Eredivisie,NAC Breda,NAC,Netherlands
Netherlands Eredivisie,VVV-Venlo,VEN,Netherlands
Netherlands Eredivisie,SC Heerenveen,HEE,Netherlands
Netherlands Eredivisie,De Graafschap,GRA,Netherlands
Netherlands Eredivisie,Excelsior,EXC,Netherlands
Netherlands Eredivisie,PEC Zwolle,ZWO,Netherlands
Netherlands Eredivisie,SC Cambuur,CAM,Netherlands
Netherlands Eredivisie,Go Ahead Eagles,GAE,Netherlands
Poland Ekstraklasa,Wisła Kraków,WIS,Poland
Poland Ekstraklasa,Korona Kielce,KKI,Poland
Poland Ekstraklasa,Legia Warszawa,LEG,Poland
Poland Ekstraklasa,Piast Gliwice,PIG,Poland
Poland Ekstraklasa,Lechia Gdańsk,LGD,Poland
Poland Ekstraklasa,Jagiellonia Białystok,BIA,Poland
Poland Ekstraklasa,Polonia Bytom,POB,Poland
Poland Ekstraklasa,Śląsk Wrocław,SLA,Poland
Poland Ekstraklasa,GKS Bełchatów,BEL,Poland
Poland Ekstraklasa,Zagłębie Lubin,ZAG,Poland
Poland Ekstraklasa,Odra Wodzisław,ODR,Poland
Poland Ekstraklasa,Ruch Chorzów,CHO,Poland
Poland Ekstraklasa,Cracovia,CKR,Poland
Poland Ekstraklasa,Arka Gdynia,ARK,Poland
Poland Ekstraklasa,P. Warszawa,PWA,Poland
Poland Ekstraklasa,Lech Poznań,POZ,Poland
Poland Ekstraklasa,Widzew Łódź,WID,Poland
Poland Ekstraklasa,Polonia Bytom,GOR,Poland
Poland Ekstraklasa,Widzew Łódź,LOD,Poland
Poland Ekstraklasa,Podbeskidzie Bielsko-Biała,POD,Poland
Poland Ekstraklasa,Pogoń Szczecin,POG,Poland
Poland Ekstraklasa,Zawisza Bydgoszcz,ZAW,Poland
Portugal Liga ZON Sagres,SC Braga,BRA,Portugal
Portugal Liga ZON Sagres,Vitória Setúbal,SET,Portugal
Portugal Liga ZON Sagres,SL Benfica,BEN,Portugal
Portugal Liga ZON Sagres,"União de Leiria, SAD",ULE,Portugal
Portugal Liga ZON Sagres,Leixões SC,LEI,Portugal
Portugal Liga ZON Sagres,Naval 1° de Maio,NAV,Portugal
Portugal Liga ZON Sagres,CD Nacional,NAC,Portugal
Portugal Liga ZON Sagres,FC Paços de Ferreira,FER,Portugal
Portugal Liga ZON Sagres,Vitória Guimarães,GUI,Portugal
Portugal Liga ZON Sagres,Académica de Coimbra,ACA,Portugal
Portugal Liga ZON Sagres,Sporting CP,SCP,Portugal
Portugal Liga ZON Sagres,S.C. Olhanense,OLH,Portugal
Portugal Liga ZON Sagres,FC Porto,POR,Portugal
Portugal Liga ZON Sagres,CF Os Belenenses,BEL,Portugal
Portugal Liga ZON Sagres,CS Marítimo,MAR,Portugal
Portugal Liga ZON Sagres,Rio Ave FC,RA,Portugal
Portugal Liga ZON Sagres,SC Beira Mar,B-M,Portugal
Portugal Liga ZON Sagres,Portimonense,POR,Portugal
Portugal Liga ZON Sagres,Feirense,FEI,Portugal
Portugal Liga ZON Sagres,Gil Vicente FC,GV,Portugal
Portugal Liga ZON Sagres,Moreirense FC,MOR,Portugal
Portugal Liga ZON Sagres,Estoril Praia,EST,Portugal
Portugal Liga ZON Sagres,FC Arouca,ARO,Portugal
Scotland Premier League,Rangers,RAN,Scotland
Scotland Premier League,Dundee United,DUU,Scotland
Scotland Premier League,Aberdeen,ABE,Scotland
Scotland Premier League,Kilmarnock,KIL,Scotland
Scotland Premier League,Hibernian,HIB,Scotland
Scotland Premier League,St. Johnstone FC,JOH,Scotland
Scotland Premier League,Falkirk,FAL,Scotland
Scotland Premier League,Celtic,CEL,Scotland
Scotland Premier League,St. Mirren,MIR,Scotland
Scotland Premier League,Hamilton Academical FC,HAM,Scotland
Scotland Premier League,Motherwell,MOT,Scotland
Scotland Premier League,Heart of Midlothian,HEA,Scotland
Scotland Premier League,Inverness Caledonian Thistle,INV,Scotland
Scotland Premier League,Dunfermline Athletic,DUN,Scotland
Scotland Premier League,Ross County FC,ROS,Scotland
Scotland Premier League,Dundee FC,DUF,Scotland
Scotland Premier League,Partick Thistle F.C.,PAR,Scotland
Spain LIGA BBVA,Real Madrid CF,REA,Spain
Spain LIGA BBVA,Athletic Club de Bilbao,BIL,Spain
Spain LIGA BBVA,RCD Mallorca,MAL,Spain
Spain LIGA BBVA,CA Osasuna,OSA,Spain
Spain LIGA BBVA,Real Zaragoza,ZAR,Spain
Spain LIGA BBVA,Valencia CF,VAL,Spain
Spain LIGA BBVA,UD Almería,ALM,Spain
Spain LIGA BBVA,FC Barcelona,BAR,Spain
Spain LIGA BBVA,Racing Santander,SAN,Spain
Spain LIGA BBVA,Málaga CF,MAL,Spain
Spain LIGA BBVA,RC Deportivo de La Coruña,COR,Spain
Spain LIGA BBVA,RCD Espanyol,ESP,Spain
Spain LIGA BBVA,Xerez Club Deportivo,XER,Spain
Spain LIGA BBVA,Villarreal CF,VIL,Spain
Spain LIGA BBVA,CD Tenerife,TEN,Spain
Spain LIGA BBVA,Sevilla FC,SEV,Spain
Spain LIGA BBVA,Real Valladolid,VAL,Spain
Spain LIGA BBVA,Real Sporting de Gijón,SPG,Spain
Spain LIGA BBVA,Getafe CF,GET,Spain
Spain LIGA BBVA,Atlético Madrid,AMA,Spain
Spain LIGA BBVA,Real Sociedad,SOC,Spain
Spain LIGA BBVA,Hércules Club de Fútbol,HER,Spain
Spain LIGA BBVA,Levante UD,LEV,Spain
Spain LIGA BBVA,Real Betis Balompié,BET,Spain
Spain LIGA BBVA,Rayo Vallecano,RAY,Spain
Spain LIGA BBVA,Granada CF,GRA,Spain
Spain LIGA BBVA,RC Celta de Vigo,CEL,Spain
Spain LIGA BBVA,Elche CF,ELC,Spain
Switzerland Super League,FC Aarau,AAR,Switzerland
Switzerland Super League,AC Bellinzona,BEL,Switzerland
Switzerland Super League,FC St. Gallen,GAL,Switzerland
Switzerland Super League,FC Zürich,ZUR,Switzerland
Switzerland Super League,Neuchâtel Xamax,XAM,Switzerland
Switzerland Super League,BSC Young Boys,YB,Switzerland
Switzerland Super League,FC Basel,BAS,Switzerland
Switzerland Super League,Grasshopper Club Zürich,GRA,Switzerland
Switzerland Super League,FC Sion,SIO,Switzerland
Switzerland Super League,FC Luzern,LUZ,Switzerland
Switzerland Super League,FC Thun,THU,Switzerland
Switzerland Super League,Servette FC,SER,Switzerland
Switzerland Super League,FC Lausanne-Sports,LAU,Switzerland
