;clubs;competition;market_value_millions;mean_market_value_players_millions
0;Manchester City; Premier League;1080.0;46.84
1;Paris Saint-Germain; Ligue 1;990.2;27.51
2;Manchester United; Premier League;907.25;32.4
3;Chelsea; Premier League;890.5;34.25
4;Liverpool; Premier League;866.5;32.09
5;Bayern Munich; Bundesliga;840.5;32.33
6;Real Madrid; LaLiga;756.0;28.0
7;Atlético de Madrid; LaLiga;745.9;33.9
8;Tottenham Hotspur; Premier League;697.0;29.04
9;Barcelona; LaLiga;672.0;23.17
10;Borussia Dortmund; Bundesliga;603.9;17.76
11;Juventus; Serie A;602.9;24.12
12;Arsenal; Premier League;563.5;21.67
13;Leicester City; Premier League;548.1;19.58
14;Inter Milan; Serie A;525.9;18.78
15;SSC Napoli; Serie A;518.55;20.74
16;RB Leipzig; Bundesliga;497.55;17.16
17;AC Milan; Serie A;476.7;16.44
18;AS Roma; Serie A;429.85;14.33
19;Everton; Premier League;428.75;16.49
20;Sevilla; LaLiga;415.9;16.0
21;Atalanta BC; Serie A;415.35;15.98
22;Aston Villa; Premier League;412.8;17.2
23;Bayer 04 Leverkusen; Bundesliga;386.75;13.81
24;Wolverhampton Wanderers; Premier League;384.1;16.0
