titre,season,club,coach
Champions League,20/21, Chelsea,Thomas Tuchel
Champions League,19/20,FC Bayern München,Hansi Flick
Champions League,18/19, Liverpool,Jürgen Klopp
Champions League,17/18,Real Madrid,Zinédine Zidane
Champions League,16/17,Real Madrid,Zinédine Zidane
Champions League,15/16,Real Madrid,Zinédine Zidane
Champions League,14/15,FC Barcelone,Luis Enrique
Champions League,13/14,Real Madrid,Carlo Ancelotti
Champions League,12/13,FC Bayern München,Jupp Heynckes
Champions League,11/12, Chelsea,Roberto Di Matteo
Champions League,10/11,FC Barcelone,Pep Guardiola
UEFA Super Cup,20/21,FC Bayern München,Hansi Flick
UEFA Super Cup,19/20, Liverpool,Jürgen Klopp
UEFA Super Cup,18/19,Atlético de Madrid,Diego Simeone
UEFA Super Cup,17/18,Real Madrid,Zinédine Zidane
UEFA Super Cup,16/17,Real Madrid,Zinédine Zidane
UEFA Super Cup,15/16,FC Barcelone,Luis Enrique
UEFA Super Cup,14/15,Real Madrid,Carlo Ancelotti
UEFA Super Cup,13/14,FC Bayern München,Pep Guardiola
UEFA Super Cup,12/13,Atlético de Madrid,Diego Simeone
UEFA Super Cup,11/12,FC Barcelone,Pep Guardiola
UEFA Super Cup,10/11,Atlético de Madrid,Quique Sánchez Flores
Europa League,20/21,Villarreal CF,Unai Emery
Europa League,19/20,Sevilla FC,Julen Lopetegui
Europa League,18/19, Chelsea,Maurizio Sarri
Europa League,17/18,Atlético de Madrid,Diego Simeone
Europa League,16/17, Manchester United,José Mourinho
Europa League,15/16,Sevilla FC,Unai Emery
Europa League,14/15,Sevilla FC,Unai Emery
Europa League,13/14,Sevilla FC,Unai Emery
Europa League,12/13, Chelsea,Rafael Benítez
Europa League,11/12,Atlético de Madrid,Diego Simeone
Europa League,10/11,FC Porto,André Villas-Boas
FA Cup,20/21, Leicester City,Brendan Rodgers
FA Cup,19/20, Arsenal,Mikel Arteta
FA Cup,18/19, Manchester City,Pep Guardiola
FA Cup,17/18, Chelsea,Antonio Conte
FA Cup,16/17, Arsenal,Arsène Wenger
FA Cup,15/16, Manchester United,Louis van Gaal
FA Cup,14/15, Arsenal,Arsène Wenger
FA Cup,13/14, Arsenal,Arsène Wenger
FA Cup,12/13, Wigan Athletic,Roberto Martínez
FA Cup,11/12, Chelsea,Roberto Di Matteo
FA Cup,10/11, Manchester City,Roberto Mancini
UEFA Cup,20/21,Villarreal CF,Unai Emery
UEFA Cup,19/20,Sevilla FC,Julen Lopetegui
UEFA Cup,18/19, Chelsea,Maurizio Sarri
UEFA Cup,17/18,Atlético de Madrid,Diego Simeone
UEFA Cup,16/17, Manchester United,José Mourinho
UEFA Cup,15/16,Sevilla FC,Unai Emery
UEFA Cup,14/15,Sevilla FC,Unai Emery
UEFA Cup,13/14,Sevilla FC,Unai Emery
UEFA Cup,12/13, Chelsea,Rafael Benítez
UEFA Cup,11/12,Atlético de Madrid,Diego Simeone
UEFA Cup,10/11,FC Porto,André Villas-Boas
FIFA Club World Cup,20/21,FC Bayern München,Hansi Flick
FIFA Club World Cup,19/20, Liverpool,Jürgen Klopp
FIFA Club World Cup,18/19,Real Madrid,Santiago Solari
FIFA Club World Cup,17/18,Real Madrid,Zinédine Zidane
FIFA Club World Cup,16/17,Real Madrid,Zinédine Zidane
FIFA Club World Cup,15/16,FC Barcelone,Luis Enrique
FIFA Club World Cup,14/15,Real Madrid,Carlo Ancelotti
FIFA Club World Cup,13/14,FC Bayern München,Pep Guardiola
FIFA Club World Cup,12/13,Corinthians São Paulo,Tite
FIFA Club World Cup,11/12,FC Barcelone,Pep Guardiola
FIFA Club World Cup,10/11,FC Internazionale,Rafael Benítez
EFL Cup,20/21, Manchester City,Pep Guardiola
EFL Cup,19/20, Manchester City,Pep Guardiola
EFL Cup,18/19, Manchester City,Pep Guardiola
EFL Cup,17/18, Manchester City,Pep Guardiola
EFL Cup,16/17, Manchester United,José Mourinho
EFL Cup,15/16, Manchester City,Manuel Pellegrini
EFL Cup,14/15, Chelsea,José Mourinho
EFL Cup,13/14, Manchester City,Manuel Pellegrini
EFL Cup,12/13,Swansea City,Michael Laudrup
EFL Cup,11/12, Liverpool,Sir Kenny Dalglish
EFL Cup,10/11,Birmingham City,Alex McLeish
