club,title,season,statut
Manchester City,EFL Cup,20/21,Winner
Manchester City,English Champion,20/21,
Manchester City,Champions League,20/21,Runner Up
Manchester City,Champions League,19/20,Participant
Manchester City,EFL Cup,19/20,Winner
Manchester City,FA Cup,18/19,Winner
Manchester City,Champions League,18/19,Participant
Manchester City,EFL Cup,18/19,Winner
Manchester City,English Champion,18/19,
Manchester City,Champions League,17/18,Participant
Manchester City,EFL Cup,17/18,Winner
Manchester City,English Champion,17/18,
Manchester City,Champions League,16/17,Participant
Manchester City,EFL Cup,15/16,Winner
Manchester City,Champions League,15/16,Participant
Manchester City,Champions League,14/15,Participant
Manchester City,EFL Cup,13/14,Winner
Manchester City,English Champion,13/14,
Manchester City,Champions League,13/14,Participant
Manchester City,Champions League,12/13,Participant
Manchester City,FA Cup,12/13,
Manchester City,Champions League,11/12,Participant
Manchester City,English Champion,11/12,
Manchester City,FA Cup,10/11,Winner
Manchester United,Europa League,20/21,Runner Up
Manchester United,Champions League,18/19,Participant
Manchester United,UEFA Super Cup,17/18,Runner Up
Manchester United,FA Cup,17/18,
Manchester United,Champions League,17/18,Participant
Manchester United,EFL Cup,16/17,Winner
Manchester United,Europa League,16/17,Winner
Manchester United,Champions League,15/16,Participant
Manchester United,FA Cup,15/16,Winner
Manchester United,Champions League,13/14,Participant
Manchester United,Champions League,12/13,Participant
Manchester United,English Champion,12/13,
Manchester United,Champions League,11/12,Participant
Manchester United,English Champion,10/11,
Manchester United,Champions League,10/11,Participant
Manchester United,Champions League,10/11,Runner Up
Chelsea,FA Cup,20/21,
Chelsea,Champions League,20/21,Winner
Chelsea,Champions League,19/20,Participant
Chelsea,UEFA Super Cup,19/20,Runner Up
Chelsea,Europa League,18/19,Winner
Chelsea,Champions League,17/18,Participant
Chelsea,FA Cup,17/18,Winner
Chelsea,English Champion,16/17,
Chelsea,Champions League,15/16,Participant
Chelsea,EFL Cup,14/15,Winner
Chelsea,English Champion,14/15,
Chelsea,Champions League,14/15,Participant
Chelsea,Champions League,13/14,Participant
Chelsea,UEFA Super Cup,13/14,Runner Up
Chelsea,Champions League,12/13,Participant
Chelsea,UEFA Super Cup,12/13,Runner Up
Chelsea,FIFA Club World Cup,12/13,Runner Up
Chelsea,Europa League,12/13,Winner
Chelsea,FA Cup,11/12,Winner
Chelsea,Champions League,11/12,Participant
Chelsea,Champions League,11/12,Winner
Chelsea,Champions League,10/11,Participant
Liverpool,Champions League,19/20,Participant
Liverpool,English Champion,19/20,
Liverpool,Champions League,18/19,Participant
Liverpool,Champions League,18/19,Winner
Liverpool,Champions League,17/18,Runner Up
Liverpool,Champions League,17/18,Participant
Liverpool,EFL Cup,15/16,Runner Up
Liverpool,Europa League,15/16,Runner Up
Liverpool,Champions League,14/15,Participant
Liverpool,EFL Cup,11/12,Winner
Tottenham Hotspur,Champions League,19/20,Participant
Tottenham Hotspur,Champions League,18/19,Participant
Tottenham Hotspur,Champions League,18/19,Runner Up
Tottenham Hotspur,Champions League,17/18,Participant
Tottenham Hotspur,Champions League,16/17,Participant
Tottenham Hotspur,EFL Cup,14/15,Runner Up
Tottenham Hotspur,Champions League,10/11,Participant
Arsenal,FA Cup,19/20,Winner
Arsenal,Europa League,18/19,Runner Up
Arsenal,EFL Cup,17/18,Runner Up
Arsenal,Champions League,16/17,Participant
Arsenal,FA Cup,16/17,Winner
Arsenal,Champions League,15/16,Participant
Arsenal,Champions League,14/15,Participant
Arsenal,FA Cup,14/15,Winner
Arsenal,FA Cup,13/14,Winner
Arsenal,Champions League,13/14,Participant
Arsenal,Champions League,12/13,Participant
Arsenal,Champions League,11/12,Participant
Arsenal,EFL Cup,10/11,Runner Up
Arsenal,Champions League,10/11,Participant
Leicester City,FA Cup,20/21,Winner
Leicester City,Champions League,16/17,Participant
Leicester City,English Champion,15/16,
Leicester City,Promoted to Bundesliga,13/14,
Aston Villa,Promoted to Bundesliga,18/19,
Aston Villa,relegated from top-league,15/16,
Aston Villa,FA Cup,14/15,
Wolverhampton Wanderers,Promoted to Bundesliga,17/18,
Wolverhampton Wanderers,Promoted to 2. Liga,13/14,
Wolverhampton Wanderers,relegated from 2nd league,12/13,
Wolverhampton Wanderers,relegated from top-league,11/12,
West Ham United,Promoted to Bundesliga,11/12,
West Ham United,relegated from top-league,10/11,
Leeds United,Promoted to Bundesliga,19/20,
Brighton and Hove Albion,Promoted to Bundesliga,16/17,
Brighton and Hove Albion,Promoted to 2. Liga,10/11,
Southampton,EFL Cup,16/17,Runner Up
Southampton,Promoted to Bundesliga,11/12,
Southampton,Promoted to 2. Liga,10/11,
Crystal Palace,FA Cup,15/16,
Crystal Palace,Promoted to Bundesliga,12/13,
Newcastle United,Promoted to Bundesliga,16/17,
Newcastle United,relegated from top-league,15/16,
Fulham,Promoted to Bundesliga,20/21,
Fulham,Promoted to 2. Liga,13/14,
Norwich City,Promoted to Bundesliga,20/21,
Norwich City,relegated from top-league,19/20,
Norwich City,Promoted to Bundesliga,18/19,
Norwich City,relegated from top-league,15/16,
Norwich City,Promoted to Bundesliga,14/15,
Norwich City,relegated from top-league,13/14,
Norwich City,Promoted to Bundesliga,10/11,
Watford,Promoted to Bundesliga,20/21,
Watford,relegated from top-league,19/20,
Watford,FA Cup,18/19,
Watford,Promoted to Bundesliga,14/15,
Burnley,Promoted to Bundesliga,15/16,
Burnley,relegated from top-league,14/15,
Burnley,Promoted to Bundesliga,13/14,
