ANNEE,CLUB,MT_ENTREES,MT_SORTIES
2020,Manchester City,161800000.0,61650000.0
2020,Manchester United,83800000.0,19500000.0
2020,Chelsea,247200000.0,58800000.0
2020,Liverpool,82650000.0,17200000.0
2020,Tottenham Hotspur,110500000.0,13300000.0
2020,Arsenal,86000000.0,19150000.0
2020,Leicester City,58000000.0,53770000.0
2020,Everton,74870000.0,4430000.0
2020,Aston Villa,101350000.0,2770000.0
2020,Wolverhampton Wanderers,84800000.0,79200000.0
2020,West Ham United,54700000.0,45410000.0
2020,Leeds United,105800000.0,0.0
2020,Brighton and Hove Albion,28500000.0,20600000.0
2020,Southampton,37300000.0,26300000.0
2020,Crystal Palace,22400000.0,20000000.0
2020,Newcastle United,39000000.0,275000.0
2020,Fulham,7300000.0,62000000.0
2020,Norwich City,13290000.0,44000000.0
2020,Watford,0.0,50600000.0
2020,Burnley,1100000.0,2300000.0
2019,Manchester City,159520000.0,71000000.0
2019,Manchester United,234800000.0,81180000.0
2019,Chelsea,45000000.0,157270000.0
2019,Liverpool,10400000.0,44500000.0
2019,Tottenham Hotspur,148500000.0,64500000.0
2019,Arsenal,160400000.0,53650000.0
2019,Leicester City,104300000.0,88500000.0
2019,Everton,121000000.0,87800000.0
2019,Aston Villa,159500000.0,3000000.0
2019,Wolverhampton Wanderers,116700000.0,24100000.0
2019,West Ham United,119800000.0,55230000.0
2019,Leeds United,0.0,30400000.0
2019,Brighton and Hove Albion,74940000.0,8500000.0
2019,Southampton,61500000.0,27300000.0
2019,Crystal Palace,7600000.0,55380000.0
2019,Newcastle United,72900000.0,35640000.0
2019,Fulham,34650000.0,40920000.0
2019,Norwich City,8820000.0,2200000.0
2019,Watford,48500000.0,25400000.0
2019,Burnley,23850000.0,13550000.0
2017,Manchester City,317500000.0,91350000.0
2017,Manchester United,198400000.0,45500000.0
2017,Chelsea,260500000.0,194600000.0
2017,Liverpool,173880000.0,184500000.0
2017,Tottenham Hotspur,123500000.0,103800000.0
2017,Arsenal,152850000.0,158000000.0
2017,Leicester City,83850000.0,50100000.0
2017,Everton,203200000.0,126380000.0
2017,Aston Villa,2800000.0,17830000.0
2017,Wolverhampton Wanderers,24610000.0,6320000.0
2017,West Ham United,56800000.0,69020000.0
2017,Leeds United,28430000.0,17500000.0
2017,Brighton and Hove Albion,66500000.0,400000.0
2017,Southampton,61250000.0,98350000.0
2017,Crystal Palace,48950000.0,3000000.0
2017,Newcastle United,46500000.0,21220000.0
2017,Fulham,11320000.0,15170000.0
2017,Norwich City,15120000.0,33640000.0
2017,Watford,73400000.0,18740000.0
2017,Burnley,35740000.0,50000000.0
2011,Manchester City,91050000.0,31200000.0
2011,Manchester United,62300000.0,13800000.0
2011,Chelsea,96450000.0,31560000.0
2011,Liverpool,65330000.0,22900000.0
2011,Tottenham Hotspur,9000000.0,43250000.0
2011,Arsenal,65480000.00000001,78290000.0
2011,Leicester City,17950000.0,1250000.0
2011,Everton,7200000.0,26800000.0
2011,Aston Villa,20340000.0,43750000.0
2011,Wolverhampton Wanderers,12050000.0,2600000.0
2011,West Ham United,12090000.0,10200000.0
2011,Leeds United,925000.0,4780000.0
2011,Brighton and Hove Albion,6030000.0,1700000.0
2011,Southampton,5610000.0,14340000.0
2011,Crystal Palace,770000.0,0.0
2011,Newcastle United,27000000.0,16040000.0
2011,Fulham,0.0,110000.0
2011,Norwich City,15250000.0,500000.0
2011,Watford,1410000.0,8600000.0
2011,Burnley,3030000.0,5750000.0
2014,Manchester City,102800000.0,30530000.0
2014,Manchester United,195350000.0,46700000.0
2014,Chelsea,137700000.0,142810000.0
2014,Liverpool,151430000.0,99270000.0
2014,Tottenham Hotspur,48480000.0,44150000.0
2014,Arsenal,118980000.0,27800000.0
2014,Leicester City,22860000.0,0.0
2014,Everton,40160000.0,1900000.0
2014,Aston Villa,13450000.0,1320000.0
2014,Wolverhampton Wanderers,3850000.0,1830000.0
2014,West Ham United,35150000.0,4400000.0
2014,Leeds United,9110000.0,12830000.0
2014,Brighton and Hove Albion,3800000.0,13220000.0
2014,Southampton,96000000.0,123830000.0
2014,Crystal Palace,31220000.0,2870000.0
2014,Newcastle United,45020000.0,23870000.0
2014,Fulham,5600000.0,3800000.0
2014,Norwich City,20350000.0,19380000.0
2014,Watford,9000000.0,550000.0
2014,Burnley,12620000.0,0.0
2013,Manchester City,115500000.0,11300000.0
2013,Manchester United,77130000.0,1800000.0
2013,Chelsea,130350000.0,77930000.0
2013,Liverpool,58100000.0,32500000.0
2013,Tottenham Hotspur,122530000.0,138400000.0
2013,Arsenal,49250000.0,12150000.0
2013,Leicester City,500000.0,1150000.0
2013,Everton,31800000.0,46100000.0
2013,Aston Villa,19840000.0,8100000.0
2013,Wolverhampton Wanderers,1850000.0,6100000.0
2013,West Ham United,24000000.0,530000.0
2013,Leeds United,1170000.0,0.0
2013,Brighton and Hove Albion,2000000.0,5200000.0
2013,Southampton,39600000.0,4200000.0
2013,Crystal Palace,33000000.0,0.0
2013,Newcastle United,3800000.0,25870000.0
2013,Fulham,485000.0,175000.0
2013,Norwich City,30050000.0,4840000.0
2013,Watford,0.0,2080000.0
2013,Burnley,545000.0,4650000.0
2015,Manchester City,208200000.0,67440000.0
2015,Manchester United,156000000.0,100670000.0
2015,Chelsea,96500000.0,87490000.0
2015,Liverpool,126500000.0,90550000.0
2015,Tottenham Hotspur,71000000.0,87580000.0
2015,Arsenal,26500000.0,2500000.0
2015,Leicester City,49900000.0,9450000.0
2015,Everton,48900000.0,11000000.0
2015,Aston Villa,66550000.0,64700000.0
2015,Wolverhampton Wanderers,9340000.0,15080000.0
2015,West Ham United,52700000.0,18520000.0
2015,Leeds United,6970000.0,5510000.0
2015,Brighton and Hove Albion,13470000.0,0.0
2015,Southampton,60100000.0,52700000.0
2015,Crystal Palace,28800000.0,5400000.0
2015,Newcastle United,107910000.0,5630000.0
2015,Fulham,10390000.0,25510000.0
2015,Norwich City,50500000.0,21490000.0
2015,Watford,82800000.0,9750000.0
2015,Burnley,25710000.0,20700000.0
2010,Manchester City,183610000.0,40150000.0
2010,Manchester United,29300000.0,17320000.0
2010,Chelsea,121500000.0,16500000.0
2010,Liverpool,97730000.0,101500000.0
2010,Tottenham Hotspur,26600000.0,2940000.0
2010,Arsenal,23000000.0,8100000.0
2010,Leicester City,5490000.0,2990000.0
2010,Everton,1700000.0,6600000.0
2010,Aston Villa,37400000.0,28400000.0
2010,Wolverhampton Wanderers,20220000.0,6440000.0
2010,West Ham United,18030000.0,4950000.0
2010,Leeds United,1000000.0,275000.0
2010,Brighton and Hove Albion,1130000.0,485000.0
2010,Southampton,2820000.0,0.0
2010,Crystal Palace,1020000.0,370000.0
2010,Newcastle United,13980000.0,41750000.0
2010,Fulham,400000.0,200000.0
2010,Norwich City,4980000.0,215000.0
2010,Watford,725000.0,0.0
2010,Burnley,6330000.0,7200000.0
2016,Manchester City,215000000.0,35350000.0
2016,Manchester United,185000000.0,47250000.0
2016,Chelsea,132800000.00000001,108900000.0
2016,Liverpool,79900000.0,85380000.0
2016,Tottenham Hotspur,83500000.0,52300000.0
2016,Arsenal,113040000.0,10350000.0
2016,Leicester City,92100000.0,66050000.0
2016,Everton,86000000.0,60800000.0
2016,Aston Villa,85500000.0,45800000.0
2016,Wolverhampton Wanderers,36100000.0,2990000.0
2016,West Ham United,83500000.0,41000000.0
2016,Leeds United,8580000.0,7580000.0
2016,Brighton and Hove Albion,8750000.0,0.0
2016,Southampton,68900000.0,85050000.0
2016,Crystal Palace,101300000.0,50200000.0
2016,Newcastle United,64250000.0,100880000.0
2016,Fulham,5150000.0,14400000.0
2016,Norwich City,26450000.0,36700000.0
2016,Watford,70450000.0,58100000.0
2016,Burnley,45600000.0,1200000.0
2012,Manchester City,61950000.0,44300000.0
2012,Manchester United,76450000.0,9650000.0
2012,Chelsea,109700000.0,25450000.0
2012,Liverpool,70600000.0,10450000.0
2012,Tottenham Hotspur,73250000.0,72780000.0
2012,Arsenal,56000000.0,65849999.99999999
2012,Leicester City,5870000.0,4150000.0000000005
2012,Everton,21650000.0,18750000.0
2012,Aston Villa,27830000.0,3200000.0
2012,Wolverhampton Wanderers,15330000.0,30170000.0
2012,West Ham United,23900000.0,5050000.0
2012,Leeds United,2370000.0,4750000.0
2012,Brighton and Hove Albion,2180000.0,1510000.0
2012,Southampton,41500000.0,0.0
2012,Crystal Palace,1730000.0,16390000.0
2012,Newcastle United,31970000.0,14800000.0
2012,Fulham,0.0,0.0
2012,Norwich City,11080000.0,380000.0
2012,Watford,0.0,3990000.0
2012,Burnley,2300000.0,8650000.0
2018,Manchester City,78590000.0,57600000.0
2018,Manchester United,82700000.0,30550000.0
2018,Chelsea,208800000.0,83250000.0
2018,Liverpool,182200000.0,41320000.0
2018,Tottenham Hotspur,0.0,5350000.0
2018,Arsenal,80150000.0,9100000.0
2018,Leicester City,114600000.0,95800000.0
2018,Everton,99800000.0,28650000.0
2018,Aston Villa,19100000.0,16149999.999999998
2018,Wolverhampton Wanderers,112750000.0,23300000.0
2018,West Ham United,100900000.0,14870000.0
2018,Leeds United,11400000.0,7300000.0
2018,Brighton and Hove Albion,87220000.0,13620000.0
2018,Southampton,62250000.0,26100000.0
2018,Crystal Palace,11850000.0,350000.0
2018,Newcastle United,59750000.0,51050000.0
2018,Fulham,6550000.0,34950000.0
2018,Norwich City,5450000.0,37600000.0
2018,Watford,30100000.0,51840000.0
2018,Burnley,33000000.0,8000000.0
